hour_index,WND,SUN,WAT,OIL,NG,COL,NUC,OTH
0,1785,1237,115,0,1381,2591,0,96
1,1693,1020,115,0,1461,2692,0,83
2,1239,283,117,0,1700,2706,0,91
3,941,6,115,0,1722,2687,0,100
4,725,0,115,0,1695,2669,0,104
5,798,0,121,0,1532,2703,0,104
6,828,0,127,0,1302,2699,0,105
7,891,0,145,0,1190,2468,0,107
8,1000,0,146,0,1191,2433,0,108
9,1239,0,146,0,1115,2423,0,107
10,1229,0,144,0,1193,2460,0,110
11,1101,0,143,0,1062,2456,0,109
12,1185,0,143,0,1055,2443,0,109
13,1037,4,145,0,1138,2467,0,107
14,925,189,143,0,1132,2458,0,107
15,645,583,149,0,1262,2463,0,108
16,549,844,146,0,1002,2405,0,106
17,521,1094,150,0,883,2022,0,103
18,684,1136,145,0,892,1721,0,100
19,874,1135,149,0,924,1292,0,99
20,1009,949,148,0,1008,1290,0,97
21,1028,999,148,0,972,1319,0,88
22,1522,1264,145,0,977,1376,0,84
23,1517,1353,144,0,967,1473,0,84
24,915,1359,142,0,1114,1604,0,84
25,1035,1149,141,0,1171,1801,0,84
26,1236,393,142,0,1574,2352,0,97
27,1164,4,146,0,1724,2624,0,100
28,731,0,142,0,1684,2685,0,100
29,654,0,140,0,1645,2675,0,104
30,937,0,142,0,1366,2609,0,104
31,810,0,126,0,1153,2610,0,103
32,932,0,123,0,995,2501,0,104
33,1062,0,123,0,896,2213,0,93
34,1199,0,127,0,923,1983,0,104
35,811,0,128,0,953,1879,0,110
36,856,0,125,0,931,2232,0,112
37,1173,14,126,0,948,2118,0,111
38,1183,473,126,0,923,1968,0,112
39,1144,1211,132,0,914,1211,0,109
40,1146,1366,131,0,902,1061,0,107
41,1222,1401,132,0,903,986,0,107
42,1366,1395,130,0,933,840,0,105
43,1302,1345,133,0,940,807,0,104
44,1423,1289,131,0,925,791,0,104
45,1722,1133,130,0,963,880,0,104
46,2002,956,128,0,953,1039,0,103
47,1936,745,127,0,967,1260,0,105
48,1964,548,128,0,1061,1342,0,105
49,2048,256,128,0,1329,1608,0,105
50,1855,67,129,0,1519,2038,0,108
51,1703,8,127,0,1565,2384,0,111
52,1862,0,128,0,1491,2433,0,108
53,1843,0,128,0,1448,2453,0,106
54,1669,0,127,0,1225,2404,0,103
55,1656,0,140,0,1108,2285,0,111
56,1333,0,129,0,1023,2451,0,109
57,1011,0,127,0,1009,2550,0,110
58,1151,0,127,0,1006,2580,0,110
59,1157,0,126,0,1011,2441,0,111
60,1054,0,130,0,1066,2567,0,110
61,812,7,126,0,1210,2706,0,108
62,676,234,127,0,1180,2695,0,108
63,858,747,129,0,975,2645,0,109
64,834,901,129,0,809,2393,0,179
65,755,1106,126,0,807,2037,0,111
66,649,1268,127,0,800,1779,0,109
67,416,1238,128,0,797,1744,0,107
68,337,1137,127,0,822,1931,0,107
69,323,1193,128,0,847,2027,0,109
70,288,1198,126,0,844,2180,0,106
71,253,1058,126,0,829,2337,0,108
72,259,1158,131,0,953,2235,0,108
73,205,1075,126,0,1203,2710,0,109
74,205,416,128,0,1533,3020,0,109
75,360,12,126,0,1575,3052,0,110
76,432,0,128,0,1599,3087,0,111
77,439,0,124,0,1511,3051,0,111
78,441,0,126,0,1411,3056,0,110
79,453,0,140,0,1338,3043,0,82
80,416,0,144,0,1137,3049,0,75
81,468,0,141,0,1164,3047,0,71
82,459,0,142,0,1048,3031,0,71
83,398,0,141,0,1025,2977,0,72
84,452,0,140,0,1015,2941,0,71
85,426,21,143,0,1230,3019,0,68
86,325,579,139,0,1264,3015,0,71
87,358,1256,137,0,1138,2816,0,74
88,543,1392,143,0,949,2709,0,73
89,852,1442,134,0,937,2339,0,71
90,934,1453,136,0,1016,2005,0,69
91,989,1448,137,0,974,2333,0,69
92,1113,1418,139,0,1017,2725,0,70
93,1227,1390,140,0,919,2768,0,67
94,959,1405,141,0,1019,2920,0,68
95,956,1384,142,0,991,2993,0,69
96,774,1345,139,0,1048,2860,0,67
97,780,1169,141,0,1405,3025,0,69
98,972,454,141,0,1690,3048,0,71
99,935,7,137,0,1769,2841,0,76
100,888,0,138,0,1754,2925,0,107
101,503,0,138,0,1732,2983,0,111
102,278,0,138,0,1663,3072,0,111
103,276,0,144,0,1587,3118,0,110
104,218,0,140,0,1450,3172,0,110
105,190,0,144,0,1405,3176,0,108
106,232,0,143,0,1378,3170,0,107
107,174,0,142,0,1399,3189,0,107
108,258,0,142,0,1396,3189,0,106
109,346,33,141,0,1500,3180,0,106
110,424,613,140,0,1490,3106,0,110
111,558,1329,144,0,1108,2989,0,109
112,616,1441,146,0,1042,2834,0,109
113,521,1430,147,0,1020,2761,0,107
114,361,1480,151,0,1021,2655,0,104
115,519,1439,146,0,1051,2590,0,104
116,794,1486,149,0,1158,2713,0,105
117,1003,1473,147,0,1092,2885,0,102
118,1225,1424,148,0,1106,2972,0,101
119,1444,1407,147,0,1083,3026,0,102
120,1239,1403,146,0,1187,3099,0,103
121,1107,1239,148,0,1574,3184,0,104
122,958,485,147,0,1864,3198,0,105
123,755,10,143,0,1949,3131,0,107
124,534,0,145,0,1893,3266,0,111
125,440,0,148,0,1835,3289,0,111
126,293,0,146,0,1691,3305,0,112
127,313,0,138,0,1159,3253,0,112
128,400,0,143,0,960,3290,0,114
129,410,0,141,0,940,3290,0,115
130,321,0,147,0,968,3281,0,116
131,258,0,146,0,976,3250,0,116
132,246,0,145,0,974,3269,0,116
133,316,33,150,0,1069,3271,0,116
134,293,635,150,0,1115,3268,0,113
135,262,1323,151,0,907,2959,0,111
136,257,1405,149,0,820,3020,0,108
137,239,1424,150,0,846,3122,0,104
138,295,1440,151,0,785,2992,0,99
139,377,1420,158,0,802,2846,0,99
140,455,1421,161,0,921,3026,0,96
141,518,1421,161,0,924,3114,0,92
142,440,1426,162,0,975,3259,0,81
143,432,1443,173,0,844,3094,0,81
144,407,1368,171,0,977,2839,0,91
145,364,1121,173,0,1298,2960,0,94
146,458,406,171,0,1563,3289,0,96
147,757,13,170,0,1612,3167,0,102
148,1197,0,173,0,1579,3040,0,103
149,1130,0,171,0,1535,2995,0,107
150,1115,0,172,0,1288,2969,0,109
151,1092,0,171,0,1199,2982,0,110
152,903,0,170,0,974,2889,0,111
153,708,0,171,0,829,2999,0,112
154,588,0,171,0,787,2974,0,114
155,648,0,170,0,782,2825,0,114
156,668,0,172,0,785,2679,0,114
157,659,28,173,0,865,2952,0,116
158,550,616,169,0,868,3096,0,113
159,477,1308,172,0,843,2798,0,110
160,697,1405,176,0,828,2153,0,107
161,769,1454,175,0,823,1944,0,103
162,1042,1424,181,0,814,1761,0,100
163,1428,1398,185,0,846,1574,0,97
164,1411,1429,201,0,854,1562,0,99
165,1565,1411,213,0,888,1587,0,96
166,1694,1411,212,0,845,1512,0,95
167,2109,1412,214,0,885,1541,0,96
168,1672,1312,225,0,978,1662,0,98
169,2035,1109,227,0,1174,1606,0,102
170,1726,387,227,0,1472,2097,0,101
171,1563,11,226,0,1641,2813,0,104
172,1407,0,227,0,1607,2967,0,109
173,1473,0,225,0,1473,2839,0,112
174,1373,0,227,0,1186,2653,0,112
175,1170,0,226,0,1056,2518,0,111
176,1408,0,224,0,883,2293,0,112
177,1682,0,229,0,836,2238,0,113
178,1945,0,225,0,876,1964,0,115
179,2246,0,226,0,885,1725,0,114
180,1920,0,228,0,974,1934,0,114
181,2020,19,229,0,904,2087,0,114
182,1906,464,228,0,939,1974,0,115
183,1793,1010,230,0,859,1551,0,111
184,1814,1245,234,0,515,1353,0,113
185,1993,1408,231,0,538,1254,0,115
186,2114,1447,232,0,523,1117,0,113
187,2160,1475,230,0,509,947,0,111
188,2150,1495,232,0,533,834,0,112
189,2247,1496,231,0,540,845,0,112
190,2197,1477,230,0,542,943,0,111
191,2121,1480,231,0,601,1046,0,110
192,2207,1443,235,0,814,1196,0,115
193,2063,1210,231,0,1063,1379,0,113
194,1886,507,235,0,1276,1894,0,115
195,1199,13,238,0,1529,2724,0,116
196,602,0,234,0,1512,2981,0,114
197,395,0,238,0,1326,3019,0,117
198,355,0,237,0,1256,3065,0,115
199,209,0,233,0,1053,3003,0,116
200,197,0,236,0,878,2774,0,116
201,131,0,235,0,900,2670,0,118
202,125,0,235,0,879,2674,0,117
203,119,0,235,0,884,2528,0,115
204,134,0,235,0,930,2890,0,116
205,77,27,236,0,959,2979,0,115
206,97,375,237,0,982,3047,0,116
207,145,978,238,0,740,2523,0,117
208,210,1194,233,0,491,1710,0,117
209,264,1229,239,0,515,1525,0,114
210,311,1360,238,0,536,1423,0,112
211,374,1429,237,0,503,1393,0,113
212,469,1398,235,0,493,1250,0,112
213,424,1457,237,0,505,1052,0,109
214,461,1382,238,0,537,1021,0,110
215,474,1250,238,0,666,1286,0,111
216,507,1090,237,0,942,1604,0,111
217,652,859,235,0,1195,2402,0,112
218,933,320,240,0,1408,2981,0,113
219,1280,11,235,0,1536,2860,0,114
220,1037,0,240,0,1530,2982,0,113
221,1017,0,235,0,1450,2889,0,114
222,809,0,235,0,1285,3013,0,114
223,761,0,250,0,1247,3052,0,114
224,583,0,249,0,1119,3110,0,113
225,491,0,248,0,1014,3140,0,111
226,589,0,252,0,984,3104,0,111
227,508,0,250,0,1025,3093,0,113
228,491,0,253,0,1092,3121,0,111
229,524,14,248,0,1182,3204,0,112
230,587,370,250,0,1302,3169,0,111
231,660,985,251,0,1217,3016,0,113
232,827,1273,250,0,978,2872,0,116
233,963,1406,251,0,972,2506,0,114
234,1164,1364,253,0,1024,2348,0,110
235,1423,1389,251,0,1049,2348,0,113
236,1630,1367,251,0,1013,2373,0,108
237,1774,1267,252,0,1045,2497,0,109
238,1698,1226,253,0,1040,2571,0,106
239,1674,1234,251,0,985,2698,0,110
240,1743,1229,248,0,1015,2728,0,114
241,1651,1176,249,0,1214,3021,0,106
242,1492,502,253,0,1440,3179,0,105
243,1223,18,248,0,1492,3314,0,108
244,1066,0,249,0,1509,3406,0,109
245,999,0,247,0,1596,3322,0,109
246,1020,0,250,0,1635,3011,0,104
247,1023,0,233,0,1384,2716,0,106
248,1018,0,233,0,1332,2587,0,108
249,1061,0,232,0,1247,2592,0,106
250,1025,0,235,0,1256,2601,0,107
251,1118,0,234,0,1332,2599,0,106
252,1075,0,235,0,1337,2634,0,104
253,961,41,233,0,1353,2636,0,104
254,1003,629,236,0,1448,2596,0,105
255,1181,1248,232,0,1219,2258,0,106
256,1342,1341,233,0,1064,2012,0,109
257,1353,1406,232,0,1073,1993,0,110
258,1363,1456,235,0,1061,1944,0,115
259,1408,1455,233,0,1049,1895,0,114
260,1385,1444,233,0,1140,2027,0,111
261,1335,1466,231,0,1145,2082,0,113
262,1317,1477,235,0,1143,2167,0,110
263,1225,1419,234,0,1120,2399,0,111
264,1134,1378,230,0,1115,2541,0,112
265,988,1225,233,0,1289,2619,0,112
266,933,534,233,0,1497,2641,0,111
267,874,22,231,0,1517,2677,0,114
268,805,0,233,0,1516,2667,0,118
269,660,0,231,0,1456,2636,0,114
270,623,0,228,0,1208,2620,0,116
271,526,0,231,0,1090,2600,0,115
272,481,0,230,0,1098,2628,0,115
273,409,0,227,0,1104,2674,0,109
274,299,0,229,0,1102,2797,0,112
275,204,0,231,0,1105,2856,0,112
276,188,0,230,0,1100,2825,0,111
277,255,56,230,0,1143,2821,0,112
278,261,722,229,0,1227,2799,0,114
279,335,1361,228,0,1041,2611,0,114
280,539,1446,226,0,1043,2266,0,112
281,648,1474,227,0,1073,2303,0,111
282,858,1489,226,0,1103,2229,0,107
283,927,1498,228,0,1107,2216,0,105
284,1028,1489,227,0,1095,2141,0,105
285,1042,1493,225,0,1092,2077,0,103
286,1134,1464,227,0,1090,2148,0,105
287,1167,1451,225,0,1176,2304,0,103
288,908,1416,224,0,1389,2639,0,105
289,665,1237,226,0,1514,2898,0,105
290,512,535,223,0,1819,2972,0,107
291,485,21,228,0,1956,2802,0,108
292,673,0,222,0,2001,2696,0,110
293,785,0,224,0,1806,2759,0,110
294,765,0,224,0,1432,2642,0,108
295,779,0,240,0,1462,2552,0,109
296,707,0,239,0,1257,2514,0,110
297,699,0,239,0,1255,2514,0,113
298,531,0,239,0,1257,2530,0,113
299,349,0,241,0,1248,2530,0,114
300,252,0,238,0,1252,2572,0,114
301,216,50,242,0,1133,2516,0,111
302,218,630,237,0,1489,2506,0,110
303,220,1210,239,0,1328,2463,0,109
304,592,1327,237,0,1396,2365,0,103
305,835,1370,236,0,1356,2473,0,102
306,1024,1394,231,0,1421,2410,0,100
307,1166,1396,231,0,1377,2352,0,99
308,1505,1326,232,0,1335,2309,0,100
309,1630,1245,231,0,1450,2328,0,99
310,1650,1235,230,0,1522,2464,0,100
311,1633,1356,232,0,1670,2582,0,99
312,1332,1154,230,0,1719,2680,0,101
313,1507,986,231,0,1825,2588,0,99
314,1263,395,231,0,1973,2576,0,102
315,1144,14,235,0,2058,2516,0,103
316,695,0,228,0,2064,2674,0,108
317,530,0,230,0,2041,2679,0,109
318,699,0,231,0,1664,2718,0,108
319,700,0,216,0,1539,2706,0,110
320,484,0,217,0,1545,2613,0,114
321,364,0,215,0,1474,2596,0,112
322,333,0,214,0,1231,2505,0,112
323,209,0,216,0,1324,2535,0,111
324,177,0,217,0,1310,2532,0,111
325,245,45,217,0,1326,2538,0,109
326,151,659,214,0,1276,2505,0,111
327,100,1333,217,0,1280,2448,0,109
328,56,1442,218,0,1338,2331,0,106
329,92,1438,216,0,1611,2561,0,106
330,182,1434,216,0,1617,2544,0,101
331,537,1370,227,0,1541,2515,0,103
332,413,1353,228,0,1667,2575,0,101
333,586,1331,227,0,1607,2526,0,100
334,689,1268,227,0,1615,2610,0,100
335,1033,1159,230,0,1680,2588,0,100
336,617,1192,227,0,1606,2659,0,99
337,926,1045,227,0,1679,2692,0,102
338,952,452,230,0,1815,2639,0,99
339,677,22,228,0,1848,2711,0,106
340,687,0,226,0,1794,2695,0,107
341,751,0,228,0,1769,2670,0,108
342,541,0,227,0,1576,2687,0,107
343,520,0,229,0,1488,2602,0,110
344,251,0,226,0,1499,2569,0,110
345,211,0,228,0,1394,2638,0,112
346,230,0,225,0,1356,2725,0,112
347,187,0,228,0,1432,2672,0,111
348,187,0,227,0,1454,2730,0,113
349,240,33,225,0,1461,2732,0,113
350,207,524,227,0,1355,2720,0,111
351,113,1194,230,0,1200,2264,0,111
352,131,1356,230,0,1286,2009,0,108
353,234,1410,231,0,1261,1810,0,106
354,362,1437,229,0,1506,2005,0,105
355,335,1443,231,0,1336,2280,0,103
356,438,1287,229,0,1313,2087,0,106
357,643,1221,233,0,1346,1684,0,101
358,866,1259,231,0,1316,1533,0,105
359,1186,1199,237,0,1164,1482,0,106
360,1328,1218,233,0,1258,1622,0,104
361,1424,1061,235,0,1450,2169,0,106
362,1072,502,238,0,1623,2998,0,107
363,1036,18,233,0,1695,3132,0,110
364,991,0,235,0,1769,3111,0,113
365,1066,0,232,0,1813,3036,0,115
366,1066,0,232,0,1691,2852,0,111
367,550,0,251,0,1614,2988,0,114
368,606,0,249,0,1452,3045,0,115
369,313,0,250,0,1467,3098,0,115
370,155,0,249,0,1446,3108,0,115
371,168,0,249,0,1429,3108,0,113
372,166,0,251,0,1442,3117,0,113
373,194,44,248,0,1375,3107,0,117
374,187,537,251,0,1152,2862,0,117
375,178,1180,250,0,1228,2053,0,114
376,132,1384,251,0,1302,1522,0,113
377,144,1415,251,0,1280,1716,0,109
378,194,1426,253,0,1269,1700,0,107
379,228,1385,254,0,1272,1698,0,106
380,287,1328,252,0,1281,1738,0,104
381,440,1145,250,0,1338,1949,0,103
382,755,1208,250,0,1282,2009,0,102
383,1092,1231,254,0,1313,1886,0,103
384,1141,1204,251,0,1316,1762,0,106
385,1135,1059,251,0,1401,2036,0,104
386,1039,446,251,0,1710,2849,0,111
387,925,18,254,0,1806,3163,0,111
388,713,0,251,0,1887,3192,0,110
389,639,0,250,0,1714,3244,0,113
390,739,0,250,0,1354,3178,0,111
391,1074,0,237,0,1192,2800,0,115
392,1120,0,235,0,1164,2649,0,114
393,812,0,235,0,1322,2501,0,115
394,864,0,235,0,1193,2079,0,114
395,906,0,240,0,1226,2026,0,119
396,873,0,235,0,1276,2309,0,116
397,847,44,237,0,1319,2568,0,117
398,563,603,237,0,1515,2651,0,114
399,476,1085,237,0,1221,2337,0,94
400,649,1328,234,0,1278,1659,0,75
401,723,1387,235,0,1403,1480,0,70
402,801,1419,236,0,1392,1477,0,69
403,843,1245,236,0,1406,1588,0,70
404,1030,1128,233,0,1387,1493,0,69
405,1019,1064,234,0,1443,1321,0,66
406,890,839,236,0,1547,1595,0,66
407,1109,932,239,0,1406,1978,0,67
408,1212,491,241,0,1437,1967,0,70
409,1047,329,243,0,1429,2020,0,70
410,999,243,241,0,1726,2628,0,74
411,975,18,244,0,1775,2959,0,74
412,973,0,243,0,1709,3135,0,75
413,1028,0,240,0,1686,3098,0,75
414,992,0,244,0,1379,3041,0,77
415,857,0,255,0,1252,2891,0,77
416,700,0,262,0,1444,2907,0,79
417,602,0,260,0,1306,2970,0,77
418,638,0,259,0,1171,2858,0,77
419,735,0,258,0,1152,2695,0,79
420,633,0,260,0,1223,2520,0,77
421,560,43,262,0,1269,2852,0,78
422,506,550,260,0,1408,2858,0,77
423,495,1189,257,0,1192,2363,0,75
424,617,1333,254,0,1030,1680,0,71
425,649,1415,255,0,880,1656,0,68
426,625,1406,255,0,886,1799,0,66
427,558,1391,252,0,882,1785,0,65
428,486,1350,252,0,948,1774,0,64
429,486,1235,252,0,995,1831,0,64
430,481,1246,246,0,1041,2228,0,64
431,617,1230,250,0,1080,2696,0,65
432,867,1327,247,0,1202,2937,0,65
433,839,1196,249,0,1484,2932,0,66
434,824,496,250,0,1793,3478,0,66
435,835,30,250,0,1846,3494,0,69
436,1038,0,256,0,1847,3506,0,69
437,1065,0,256,0,1772,3358,0,73
438,1010,0,257,0,1518,3363,0,72
439,807,0,258,0,1326,3330,0,76
440,730,0,256,0,1277,3335,0,75
441,574,0,253,0,1235,3374,0,77
442,460,0,255,0,1136,3386,0,76
443,706,0,255,0,1092,3335,0,77
444,850,0,255,0,1110,3309,0,73
445,787,78,251,0,1111,3263,0,73
446,771,724,245,0,1094,3341,0,71
447,767,1312,248,0,873,3064,0,70
448,614,1416,247,0,754,3211,0,67
449,470,1447,242,0,765,3394,0,67
450,293,1415,241,0,758,3286,0,64
451,370,1282,245,0,754,2927,0,63
452,469,1138,237,0,791,3044,0,63
453,928,1194,241,0,757,3023,0,64
454,1042,1008,240,0,785,3172,0,64
455,796,1091,244,0,908,3388,0,63
456,807,1187,242,0,1070,3278,0,67
457,980,1126,245,0,1258,3509,0,66
458,956,571,244,0,1507,3601,0,68
459,753,38,244,0,1524,3629,0,68
460,610,0,243,0,1552,3698,0,72
461,805,0,246,0,1478,3603,0,71
462,718,0,244,0,1297,3494,0,73
463,628,0,244,0,1074,3204,0,72
464,723,0,244,0,994,3101,0,74
465,837,0,245,0,987,3052,0,73
466,790,0,244,0,860,3057,0,71
467,794,0,244,0,833,3124,0,72
468,821,0,245,0,865,3166,0,73
469,734,65,243,0,995,3249,0,72
470,491,721,241,0,904,3207,0,71
471,352,1361,241,0,817,2761,0,70
472,325,1453,240,0,661,2346,0,68
473,326,1468,240,0,754,2459,0,65
474,476,1492,239,0,738,2291,0,63
475,607,1484,241,0,780,2099,0,63
476,751,1461,239,0,734,2013,0,61
477,940,1462,242,0,748,1955,0,62
478,1075,1441,244,0,824,2148,0,62
479,1116,1392,242,0,963,2556,0,62
480,1068,1304,241,0,1319,2953,0,63
481,1196,1089,244,0,1481,2998,0,66
482,1252,550,243,0,1661,3085,0,69
483,1246,43,242,0,1689,3447,0,70
484,1436,0,243,0,1685,3447,0,69
485,1344,0,243,0,1723,3270,0,71
486,1298,0,244,0,1526,3240,0,69
487,1328,0,242,0,1305,3211,0,74
488,1106,0,249,0,1094,3379,0,73
489,1107,0,242,0,937,3266,0,76
490,1091,0,243,0,1006,3231,0,73
491,1083,0,242,0,992,3265,0,75
492,1106,0,244,0,980,3294,0,75
493,775,48,252,0,972,3377,0,75
494,561,618,253,0,946,3405,0,75
495,652,1213,252,0,635,3409,0,72
496,656,1280,249,0,640,2764,0,70
497,640,1159,249,0,611,2381,0,68
498,1002,1216,251,0,627,2166,0,70
499,1214,1195,247,0,663,2150,0,69
500,1375,1285,250,0,650,1934,0,75
501,1432,1292,249,0,717,1769,0,87
502,1174,1333,248,0,687,2006,0,83
503,965,1307,246,0,667,2266,0,84
504,976,1233,249,0,762,2182,0,87
505,635,1058,246,0,1053,2234,0,88
506,581,488,248,0,1364,2393,0,89
507,606,31,249,0,1349,2412,0,89
508,594,0,247,0,1361,2557,0,93
509,554,0,248,0,1407,2807,0,86
510,520,0,246,0,1357,3135,0,89
511,429,0,248,0,1008,3331,0,89
512,271,0,245,0,803,3548,0,89
513,314,0,247,0,703,3534,0,88
514,392,0,247,0,658,3482,0,91
515,208,0,246,0,714,3506,0,86
516,143,0,244,0,736,3537,0,86
517,148,68,245,0,719,3534,0,86
518,121,637,246,0,700,3484,0,90
519,145,1168,245,0,620,2974,0,90
520,233,1308,244,0,640,2224,0,89
521,360,1240,248,0,653,2131,0,90
522,601,1067,243,0,651,1922,0,95
523,1061,1139,246,0,613,1544,0,94
524,1625,1094,243,0,671,1405,0,90
525,1912,1084,247,0,675,1363,0,89
526,1792,931,243,0,706,1492,0,94
527,2130,785,244,0,655,1417,0,93
528,2068,710,243,0,824,1412,0,95
529,1997,471,245,0,1109,1626,0,93
530,2064,144,242,0,1258,2325,0,93
531,1660,13,245,0,1452,3074,0,93
532,1296,0,243,0,1376,3232,0,94
533,1511,0,245,0,1424,3204,0,94
534,1707,0,240,0,1281,3116,0,93
535,1628,0,244,0,901,3105,0,93
536,1653,0,243,0,705,3082,0,95
537,1641,0,243,0,692,3075,0,95
538,1575,0,242,0,701,3164,0,96
539,1225,0,244,0,683,3286,0,97
540,1050,0,239,0,697,3329,0,95
541,649,79,242,0,700,3488,0,90
542,567,688,240,0,666,3175,0,96
543,855,1168,244,0,626,2196,0,96
544,1302,1121,243,0,646,1713,0,95
545,1674,998,241,0,625,1337,0,96
546,2139,969,245,0,693,1306,0,93
547,2327,858,245,0,645,1291,0,95
548,2388,1000,247,0,643,1265,0,93
549,2434,1006,246,0,633,1253,0,92
550,2389,945,243,0,670,1265,0,92
551,2379,814,243,0,689,1308,0,92
552,2348,861,246,0,863,1273,0,96
553,2299,668,245,0,1067,1345,0,94
554,2388,207,246,0,1291,1832,0,94
555,2008,23,241,0,1419,2765,0,94
556,1889,0,244,0,1455,3122,0,95
557,1813,0,246,0,1267,3218,0,95
558,1793,0,242,0,1174,3014,0,92
559,1782,0,247,0,886,2758,0,93
560,1888,0,243,0,624,2271,0,92
561,1918,0,245,0,670,2105,0,92
562,1940,0,244,0,666,1995,0,92
563,1923,0,245,0,687,2103,0,89
564,2007,0,243,0,663,2462,0,91
565,2143,101,245,0,755,2810,0,91
566,2026,820,246,0,661,2682,0,91
567,2121,1365,245,0,678,2130,0,92
568,2175,1411,244,0,633,1910,0,90
569,2028,1394,245,0,673,1833,0,91
570,1975,1436,246,0,651,1735,0,90
571,2080,1427,244,0,611,1577,0,90
572,2108,1432,250,0,718,1795,0,93
573,2110,1423,247,0,718,1967,0,95
574,2158,1372,250,0,647,2047,0,94
575,2179,1366,249,0,712,2109,0,93
576,2126,1354,254,0,957,2126,0,94
577,2041,1288,249,0,1130,2617,0,89
578,2035,665,251,0,1400,2779,0,92
579,1923,49,247,0,1499,2878,0,92
580,1829,0,252,0,1508,2785,0,93
581,1772,0,245,0,1423,2788,0,93
582,1657,0,249,0,1293,2931,0,94
583,1475,0,248,0,1156,2941,0,93
584,1437,0,249,0,971,3006,0,94
585,1280,0,248,0,887,3013,0,94
586,1184,0,251,0,838,3165,0,92
587,1174,0,249,0,838,3136,0,93
588,1084,0,250,0,1006,3293,0,89
589,1195,95,247,0,1050,3328,0,95
590,1165,797,250,0,946,3124,0,93
591,1269,1373,249,0,696,2371,0,92
592,1392,1439,249,0,692,1790,0,89
593,1396,1325,251,0,716,1545,0,85
594,1148,1308,248,0,745,1720,0,86
595,1119,1372,250,0,770,2191,0,83
596,1192,1427,252,0,811,2818,0,82
597,1223,1364,247,0,816,3095,0,83
598,1014,1275,252,0,798,3214,0,82
599,955,1219,248,0,916,3297,0,83
600,929,1134,251,0,1061,3427,0,86
601,715,1015,248,0,1240,3429,0,85
602,532,530,250,0,1576,3509,0,86
603,518,44,248,0,1560,3556,0,86
604,674,0,251,0,1540,3344,0,87
605,693,0,249,0,1520,3399,0,91
606,505,0,251,0,1356,3587,0,88
607,417,0,248,0,947,3570,0,87
608,622,0,253,0,861,3490,0,89
609,692,0,251,0,849,3235,0,90
610,817,0,247,0,815,3063,0,90
611,787,0,249,0,828,3114,0,87
612,789,0,247,0,876,3307,0,90
613,788,33,247,0,993,3492,0,90
614,828,304,251,0,984,3578,0,90
615,797,850,247,0,730,3572,0,90
616,648,1167,251,0,716,3335,0,86
617,1029,1259,246,0,695,3062,0,91
618,1513,1312,250,0,698,2638,0,90
619,1879,1381,244,0,690,2386,0,89
620,1813,1348,242,0,740,2630,0,88
621,1660,1302,242,0,788,3003,0,86
622,1750,1245,242,0,793,3100,0,83
623,2157,1150,243,0,867,3006,0,86
624,2044,859,244,0,1120,2969,0,87
625,1963,772,243,0,1342,3075,0,90
626,1551,566,243,0,1577,3279,0,92
627,958,57,242,0,1663,3391,0,92
628,849,0,241,0,1766,3257,0,92
629,722,0,244,0,1775,3389,0,93
630,335,0,238,0,1706,3585,0,94
631,289,0,244,0,1345,3560,0,97
632,307,0,241,0,990,3351,0,96
633,334,0,238,0,941,3271,0,95
634,271,0,244,0,928,3285,0,94
635,158,0,240,0,931,3426,0,95
636,134,0,244,0,997,3535,0,93
637,150,91,243,0,992,3522,0,94
638,155,837,242,0,954,3486,0,95
639,165,1364,243,0,718,2941,0,91
640,285,1423,239,0,671,2164,0,89
641,442,1433,244,0,658,1798,0,89
642,634,1449,243,0,690,1702,0,87
643,813,1463,244,0,697,1703,0,86
644,974,1466,242,0,745,2132,0,85
645,1157,1431,242,0,720,2338,0,85
646,1155,1376,243,0,757,2444,0,85
647,1120,1380,242,0,876,2635,0,81
648,1038,1343,243,0,995,2328,0,84
649,1073,1233,242,0,1250,2645,0,84
650,1079,663,245,0,1494,3239,0,85
651,914,57,245,0,1606,3291,0,89
652,850,0,242,0,1607,3298,0,91
653,1075,0,245,0,1445,3275,0,93
654,1028,0,242,0,1294,3193,0,91
655,1040,0,244,0,958,3112,0,92
656,923,0,243,0,1000,3076,0,92
657,695,0,244,0,903,3059,0,93
658,597,0,243,0,836,3080,0,96
659,535,0,244,0,841,2987,0,97
660,489,0,244,0,869,2978,0,95
661,552,100,244,0,899,3164,0,96
662,651,819,242,0,817,2942,0,92
663,697,1357,238,0,786,2247,0,89
664,721,1418,244,0,693,1797,0,86
665,838,1441,240,0,732,1778,0,85
666,979,1465,244,0,797,1809,0,82
667,1091,1447,242,0,752,2102,0,82
668,1302,1445,242,0,770,2577,0,81
669,1566,1410,241,0,780,3146,0,79
670,1493,1313,239,0,858,3355,0,80
671,1506,1204,242,0,904,3522,0,83
672,1613,1169,239,0,1063,3400,0,81
673,1484,1034,239,0,1368,3473,0,83
674,1587,609,246,0,1577,3430,0,84
675,1400,46,241,0,1707,3374,0,86
676,1245,0,241,0,1731,3201,0,87
677,1246,0,244,0,1659,3150,0,89
678,1480,0,242,0,1493,3076,0,88
679,1609,0,242,0,1274,2966,0,90
680,1710,0,242,0,1235,2921,0,93
681,1483,0,247,0,1246,3044,0,92
682,1356,0,242,0,1142,3020,0,92
683,835,0,245,0,1240,3063,0,94
684,512,0,244,0,1188,3383,0,92
685,466,79,242,0,1214,3356,0,95
686,391,608,241,0,1046,3005,0,94
687,285,1117,242,0,804,2283,0,92
688,284,1168,241,0,763,1960,0,92
689,258,1305,240,0,718,2066,0,88
690,308,1413,241,0,764,2059,0,87
691,390,1322,240,0,746,1908,0,87
692,427,1285,239,0,705,1788,0,85
693,449,1233,239,0,771,1537,0,87
694,421,1144,240,0,816,1589,0,85
695,519,848,237,0,929,1992,0,84
696,866,539,241,0,1234,2119,0,83
697,1044,451,236,0,1497,2759,0,86
698,963,146,239,0,1700,3286,0,85
699,965,11,238,0,1758,3406,0,87
700,825,0,239,0,1773,3354,0,87
701,924,0,240,0,1698,3246,0,90
702,1028,0,240,0,1456,3276,0,90
703,972,0,239,0,1327,3349,0,90
704,1073,0,239,0,1219,3269,0,93
705,1207,0,238,0,1173,3129,0,92
706,1136,0,243,0,1155,2978,0,91
707,1031,0,239,0,1152,2993,0,94
708,962,0,239,0,1157,3145,0,92
709,835,78,239,0,1200,3064,0,94
710,908,631,240,0,1050,2725,0,94
711,818,1118,241,0,791,2015,0,92
712,742,1249,239,0,654,1497,0,91
713,753,1326,242,0,676,1483,0,89
714,821,1331,240,0,677,1479,0,88
715,847,1389,240,0,711,1508,0,87
716,992,1391,242,0,791,1573,0,86
717,981,1315,240,0,814,1883,0,86
718,946,1233,241,0,793,2469,0,84
719,938,1325,240,0,933,3079,0,84
720,1092,1276,242,0,1310,3124,0,85
721,1179,1193,239,0,1540,3162,0,84
722,1023,673,241,0,1727,3348,0,84
723,941,63,241,0,1745,3430,0,89
724,1027,0,241,0,1688,3466,0,88
725,878,0,240,0,1718,3478,0,91
726,625,0,235,0,1643,3513,0,91
727,508,0,237,0,1407,3612,0,91
728,583,0,241,0,1254,3587,0,93
729,437,0,240,0,1231,3590,0,94
730,374,0,241,0,1153,3509,0,94
731,402,0,237,0,1180,3557,0,95
732,402,0,240,0,1249,3618,0,93
733,387,121,240,0,1295,3642,0,96
734,426,855,238,0,1089,3362,0,94
735,442,1386,240,0,847,2968,0,93
736,559,1450,239,0,622,2734,0,90
737,512,1469,239,0,659,2819,0,87
738,418,1478,240,0,713,2700,0,85
739,382,1471,239,0,784,3146,0,85
740,244,1414,239,0,838,3463,0,85
741,177,1394,239,0,881,3623,0,81
742,139,1390,240,0,977,3664,0,83
743,133,1371,238,0,1212,3643,0,82
744,154,1278,240,0,1481,3696,0,82
