,WND,SUN,WAT,OIL,NG,COL,NUC,OTH
2021-05-01 00:00:00+00:00,1785,1237,115,0,1381,2591,0,96
2021-05-01 01:00:00+00:00,1693,1020,115,0,1461,2692,0,83
2021-05-01 02:00:00+00:00,1239,283,117,0,1700,2706,0,91
2021-05-01 03:00:00+00:00,941,6,115,0,1722,2687,0,100
2021-05-01 04:00:00+00:00,725,0,115,0,1695,2669,0,104
2021-05-01 05:00:00+00:00,798,0,121,0,1532,2703,0,104
2021-05-01 06:00:00+00:00,828,0,127,0,1302,2699,0,105
2021-05-01 07:00:00+00:00,891,0,145,0,1190,2468,0,107
2021-05-01 08:00:00+00:00,1000,0,146,0,1191,2433,0,108
2021-05-01 09:00:00+00:00,1239,0,146,0,1115,2423,0,107
2021-05-01 10:00:00+00:00,1229,0,144,0,1193,2460,0,110
2021-05-01 11:00:00+00:00,1101,0,143,0,1062,2456,0,109
2021-05-01 12:00:00+00:00,1185,0,143,0,1055,2443,0,109
2021-05-01 13:00:00+00:00,1037,4,145,0,1138,2467,0,107
2021-05-01 14:00:00+00:00,925,189,143,0,1132,2458,0,107
2021-05-01 15:00:00+00:00,645,583,149,0,1262,2463,0,108
2021-05-01 16:00:00+00:00,549,844,146,0,1002,2405,0,106
2021-05-01 17:00:00+00:00,521,1094,150,0,883,2022,0,103
2021-05-01 18:00:00+00:00,684,1136,145,0,892,1721,0,100
2021-05-01 19:00:00+00:00,874,1135,149,0,924,1292,0,99
2021-05-01 20:00:00+00:00,1009,949,148,0,1008,1290,0,97
2021-05-01 21:00:00+00:00,1028,999,148,0,972,1319,0,88
2021-05-01 22:00:00+00:00,1522,1264,145,0,977,1376,0,84
2021-05-01 23:00:00+00:00,1517,1353,144,0,967,1473,0,84
2021-05-02 00:00:00+00:00,915,1359,142,0,1114,1604,0,84
2021-05-02 01:00:00+00:00,1035,1149,141,0,1171,1801,0,84
2021-05-02 02:00:00+00:00,1236,393,142,0,1574,2352,0,97
2021-05-02 03:00:00+00:00,1164,4,146,0,1724,2624,0,100
2021-05-02 04:00:00+00:00,731,0,142,0,1684,2685,0,100
2021-05-02 05:00:00+00:00,654,0,140,0,1645,2675,0,104
2021-05-02 06:00:00+00:00,937,0,142,0,1366,2609,0,104
2021-05-02 07:00:00+00:00,810,0,126,0,1153,2610,0,103
2021-05-02 08:00:00+00:00,932,0,123,0,995,2501,0,104
2021-05-02 09:00:00+00:00,1062,0,123,0,896,2213,0,93
2021-05-02 10:00:00+00:00,1199,0,127,0,923,1983,0,104
2021-05-02 11:00:00+00:00,811,0,128,0,953,1879,0,110
2021-05-02 12:00:00+00:00,856,0,125,0,931,2232,0,112
2021-05-02 13:00:00+00:00,1173,14,126,0,948,2118,0,111
2021-05-02 14:00:00+00:00,1183,473,126,0,923,1968,0,112
2021-05-02 15:00:00+00:00,1144,1211,132,0,914,1211,0,109
2021-05-02 16:00:00+00:00,1146,1366,131,0,902,1061,0,107
2021-05-02 17:00:00+00:00,1222,1401,132,0,903,986,0,107
2021-05-02 18:00:00+00:00,1366,1395,130,0,933,840,0,105
2021-05-02 19:00:00+00:00,1302,1345,133,0,940,807,0,104
2021-05-02 20:00:00+00:00,1423,1289,131,0,925,791,0,104
2021-05-02 21:00:00+00:00,1722,1133,130,0,963,880,0,104
2021-05-02 22:00:00+00:00,2002,956,128,0,953,1039,0,103
2021-05-02 23:00:00+00:00,1936,745,127,0,967,1260,0,105
2021-05-03 00:00:00+00:00,1964,548,128,0,1061,1342,0,105
2021-05-03 01:00:00+00:00,2048,256,128,0,1329,1608,0,105
2021-05-03 02:00:00+00:00,1855,67,129,0,1519,2038,0,108
2021-05-03 03:00:00+00:00,1703,8,127,0,1565,2384,0,111
2021-05-03 04:00:00+00:00,1862,0,128,0,1491,2433,0,108
2021-05-03 05:00:00+00:00,1843,0,128,0,1448,2453,0,106
2021-05-03 06:00:00+00:00,1669,0,127,0,1225,2404,0,103
2021-05-03 07:00:00+00:00,1656,0,140,0,1108,2285,0,111
2021-05-03 08:00:00+00:00,1333,0,129,0,1023,2451,0,109
2021-05-03 09:00:00+00:00,1011,0,127,0,1009,2550,0,110
2021-05-03 10:00:00+00:00,1151,0,127,0,1006,2580,0,110
2021-05-03 11:00:00+00:00,1157,0,126,0,1011,2441,0,111
2021-05-03 12:00:00+00:00,1054,0,130,0,1066,2567,0,110
2021-05-03 13:00:00+00:00,812,7,126,0,1210,2706,0,108
2021-05-03 14:00:00+00:00,676,234,127,0,1180,2695,0,108
2021-05-03 15:00:00+00:00,858,747,129,0,975,2645,0,109
2021-05-03 16:00:00+00:00,834,901,129,0,809,2393,0,179
2021-05-03 17:00:00+00:00,755,1106,126,0,807,2037,0,111
2021-05-03 18:00:00+00:00,649,1268,127,0,800,1779,0,109
2021-05-03 19:00:00+00:00,416,1238,128,0,797,1744,0,107
2021-05-03 20:00:00+00:00,337,1137,127,0,822,1931,0,107
2021-05-03 21:00:00+00:00,323,1193,128,0,847,2027,0,109
2021-05-03 22:00:00+00:00,288,1198,126,0,844,2180,0,106
2021-05-03 23:00:00+00:00,253,1058,126,0,829,2337,0,108
2021-05-04 00:00:00+00:00,259,1158,131,0,953,2235,0,108
2021-05-04 01:00:00+00:00,205,1075,126,0,1203,2710,0,109
2021-05-04 02:00:00+00:00,205,416,128,0,1533,3020,0,109
2021-05-04 03:00:00+00:00,360,12,126,0,1575,3052,0,110
2021-05-04 04:00:00+00:00,432,0,128,0,1599,3087,0,111
2021-05-04 05:00:00+00:00,439,0,124,0,1511,3051,0,111
2021-05-04 06:00:00+00:00,441,0,126,0,1411,3056,0,110
2021-05-04 07:00:00+00:00,453,0,140,0,1338,3043,0,82
2021-05-04 08:00:00+00:00,416,0,144,0,1137,3049,0,75
2021-05-04 09:00:00+00:00,468,0,141,0,1164,3047,0,71
2021-05-04 10:00:00+00:00,459,0,142,0,1048,3031,0,71
2021-05-04 11:00:00+00:00,398,0,141,0,1025,2977,0,72
2021-05-04 12:00:00+00:00,452,0,140,0,1015,2941,0,71
2021-05-04 13:00:00+00:00,426,21,143,0,1230,3019,0,68
2021-05-04 14:00:00+00:00,325,579,139,0,1264,3015,0,71
2021-05-04 15:00:00+00:00,358,1256,137,0,1138,2816,0,74
2021-05-04 16:00:00+00:00,543,1392,143,0,949,2709,0,73
2021-05-04 17:00:00+00:00,852,1442,134,0,937,2339,0,71
2021-05-04 18:00:00+00:00,934,1453,136,0,1016,2005,0,69
2021-05-04 19:00:00+00:00,989,1448,137,0,974,2333,0,69
2021-05-04 20:00:00+00:00,1113,1418,139,0,1017,2725,0,70
2021-05-04 21:00:00+00:00,1227,1390,140,0,919,2768,0,67
2021-05-04 22:00:00+00:00,959,1405,141,0,1019,2920,0,68
2021-05-04 23:00:00+00:00,956,1384,142,0,991,2993,0,69
2021-05-05 00:00:00+00:00,774,1345,139,0,1048,2860,0,67
2021-05-05 01:00:00+00:00,780,1169,141,0,1405,3025,0,69
2021-05-05 02:00:00+00:00,972,454,141,0,1690,3048,0,71
2021-05-05 03:00:00+00:00,935,7,137,0,1769,2841,0,76
2021-05-05 04:00:00+00:00,888,0,138,0,1754,2925,0,107
2021-05-05 05:00:00+00:00,503,0,138,0,1732,2983,0,111
2021-05-05 06:00:00+00:00,278,0,138,0,1663,3072,0,111
2021-05-05 07:00:00+00:00,276,0,144,0,1587,3118,0,110
2021-05-05 08:00:00+00:00,218,0,140,0,1450,3172,0,110
2021-05-05 09:00:00+00:00,190,0,144,0,1405,3176,0,108
2021-05-05 10:00:00+00:00,232,0,143,0,1378,3170,0,107
2021-05-05 11:00:00+00:00,174,0,142,0,1399,3189,0,107
2021-05-05 12:00:00+00:00,258,0,142,0,1396,3189,0,106
2021-05-05 13:00:00+00:00,346,33,141,0,1500,3180,0,106
2021-05-05 14:00:00+00:00,424,613,140,0,1490,3106,0,110
2021-05-05 15:00:00+00:00,558,1329,144,0,1108,2989,0,109
2021-05-05 16:00:00+00:00,616,1441,146,0,1042,2834,0,109
2021-05-05 17:00:00+00:00,521,1430,147,0,1020,2761,0,107
2021-05-05 18:00:00+00:00,361,1480,151,0,1021,2655,0,104
2021-05-05 19:00:00+00:00,519,1439,146,0,1051,2590,0,104
2021-05-05 20:00:00+00:00,794,1486,149,0,1158,2713,0,105
2021-05-05 21:00:00+00:00,1003,1473,147,0,1092,2885,0,102
2021-05-05 22:00:00+00:00,1225,1424,148,0,1106,2972,0,101
2021-05-05 23:00:00+00:00,1444,1407,147,0,1083,3026,0,102
2021-05-06 00:00:00+00:00,1239,1403,146,0,1187,3099,0,103
2021-05-06 01:00:00+00:00,1107,1239,148,0,1574,3184,0,104
2021-05-06 02:00:00+00:00,958,485,147,0,1864,3198,0,105
2021-05-06 03:00:00+00:00,755,10,143,0,1949,3131,0,107
2021-05-06 04:00:00+00:00,534,0,145,0,1893,3266,0,111
2021-05-06 05:00:00+00:00,440,0,148,0,1835,3289,0,111
2021-05-06 06:00:00+00:00,293,0,146,0,1691,3305,0,112
2021-05-06 07:00:00+00:00,313,0,138,0,1159,3253,0,112
2021-05-06 08:00:00+00:00,400,0,143,0,960,3290,0,114
2021-05-06 09:00:00+00:00,410,0,141,0,940,3290,0,115
2021-05-06 10:00:00+00:00,321,0,147,0,968,3281,0,116
2021-05-06 11:00:00+00:00,258,0,146,0,976,3250,0,116
2021-05-06 12:00:00+00:00,246,0,145,0,974,3269,0,116
2021-05-06 13:00:00+00:00,316,33,150,0,1069,3271,0,116
2021-05-06 14:00:00+00:00,293,635,150,0,1115,3268,0,113
2021-05-06 15:00:00+00:00,262,1323,151,0,907,2959,0,111
2021-05-06 16:00:00+00:00,257,1405,149,0,820,3020,0,108
2021-05-06 17:00:00+00:00,239,1424,150,0,846,3122,0,104
2021-05-06 18:00:00+00:00,295,1440,151,0,785,2992,0,99
2021-05-06 19:00:00+00:00,377,1420,158,0,802,2846,0,99
2021-05-06 20:00:00+00:00,455,1421,161,0,921,3026,0,96
2021-05-06 21:00:00+00:00,518,1421,161,0,924,3114,0,92
2021-05-06 22:00:00+00:00,440,1426,162,0,975,3259,0,81
2021-05-06 23:00:00+00:00,432,1443,173,0,844,3094,0,81
2021-05-07 00:00:00+00:00,407,1368,171,0,977,2839,0,91
2021-05-07 01:00:00+00:00,364,1121,173,0,1298,2960,0,94
2021-05-07 02:00:00+00:00,458,406,171,0,1563,3289,0,96
2021-05-07 03:00:00+00:00,757,13,170,0,1612,3167,0,102
2021-05-07 04:00:00+00:00,1197,0,173,0,1579,3040,0,103
2021-05-07 05:00:00+00:00,1130,0,171,0,1535,2995,0,107
2021-05-07 06:00:00+00:00,1115,0,172,0,1288,2969,0,109
2021-05-07 07:00:00+00:00,1092,0,171,0,1199,2982,0,110
2021-05-07 08:00:00+00:00,903,0,170,0,974,2889,0,111
2021-05-07 09:00:00+00:00,708,0,171,0,829,2999,0,112
2021-05-07 10:00:00+00:00,588,0,171,0,787,2974,0,114
2021-05-07 11:00:00+00:00,648,0,170,0,782,2825,0,114
2021-05-07 12:00:00+00:00,668,0,172,0,785,2679,0,114
2021-05-07 13:00:00+00:00,659,28,173,0,865,2952,0,116
2021-05-07 14:00:00+00:00,550,616,169,0,868,3096,0,113
2021-05-07 15:00:00+00:00,477,1308,172,0,843,2798,0,110
2021-05-07 16:00:00+00:00,697,1405,176,0,828,2153,0,107
2021-05-07 17:00:00+00:00,769,1454,175,0,823,1944,0,103
2021-05-07 18:00:00+00:00,1042,1424,181,0,814,1761,0,100
2021-05-07 19:00:00+00:00,1428,1398,185,0,846,1574,0,97
2021-05-07 20:00:00+00:00,1411,1429,201,0,854,1562,0,99
2021-05-07 21:00:00+00:00,1565,1411,213,0,888,1587,0,96
2021-05-07 22:00:00+00:00,1694,1411,212,0,845,1512,0,95
2021-05-07 23:00:00+00:00,2109,1412,214,0,885,1541,0,96
2021-05-08 00:00:00+00:00,1672,1312,225,0,978,1662,0,98
2021-05-08 01:00:00+00:00,2035,1109,227,0,1174,1606,0,102
2021-05-08 02:00:00+00:00,1726,387,227,0,1472,2097,0,101
2021-05-08 03:00:00+00:00,1563,11,226,0,1641,2813,0,104
2021-05-08 04:00:00+00:00,1407,0,227,0,1607,2967,0,109
2021-05-08 05:00:00+00:00,1473,0,225,0,1473,2839,0,112
2021-05-08 06:00:00+00:00,1373,0,227,0,1186,2653,0,112
2021-05-08 07:00:00+00:00,1170,0,226,0,1056,2518,0,111
2021-05-08 08:00:00+00:00,1408,0,224,0,883,2293,0,112
2021-05-08 09:00:00+00:00,1682,0,229,0,836,2238,0,113
2021-05-08 10:00:00+00:00,1945,0,225,0,876,1964,0,115
2021-05-08 11:00:00+00:00,2246,0,226,0,885,1725,0,114
2021-05-08 12:00:00+00:00,1920,0,228,0,974,1934,0,114
2021-05-08 13:00:00+00:00,2020,19,229,0,904,2087,0,114
2021-05-08 14:00:00+00:00,1906,464,228,0,939,1974,0,115
2021-05-08 15:00:00+00:00,1793,1010,230,0,859,1551,0,111
2021-05-08 16:00:00+00:00,1814,1245,234,0,515,1353,0,113
2021-05-08 17:00:00+00:00,1993,1408,231,0,538,1254,0,115
2021-05-08 18:00:00+00:00,2114,1447,232,0,523,1117,0,113
2021-05-08 19:00:00+00:00,2160,1475,230,0,509,947,0,111
2021-05-08 20:00:00+00:00,2150,1495,232,0,533,834,0,112
2021-05-08 21:00:00+00:00,2247,1496,231,0,540,845,0,112
2021-05-08 22:00:00+00:00,2197,1477,230,0,542,943,0,111
2021-05-08 23:00:00+00:00,2121,1480,231,0,601,1046,0,110
2021-05-09 00:00:00+00:00,2207,1443,235,0,814,1196,0,115
2021-05-09 01:00:00+00:00,2063,1210,231,0,1063,1379,0,113
2021-05-09 02:00:00+00:00,1886,507,235,0,1276,1894,0,115
2021-05-09 03:00:00+00:00,1199,13,238,0,1529,2724,0,116
2021-05-09 04:00:00+00:00,602,0,234,0,1512,2981,0,114
2021-05-09 05:00:00+00:00,395,0,238,0,1326,3019,0,117
2021-05-09 06:00:00+00:00,355,0,237,0,1256,3065,0,115
2021-05-09 07:00:00+00:00,209,0,233,0,1053,3003,0,116
2021-05-09 08:00:00+00:00,197,0,236,0,878,2774,0,116
2021-05-09 09:00:00+00:00,131,0,235,0,900,2670,0,118
2021-05-09 10:00:00+00:00,125,0,235,0,879,2674,0,117
2021-05-09 11:00:00+00:00,119,0,235,0,884,2528,0,115
2021-05-09 12:00:00+00:00,134,0,235,0,930,2890,0,116
2021-05-09 13:00:00+00:00,77,27,236,0,959,2979,0,115
2021-05-09 14:00:00+00:00,97,375,237,0,982,3047,0,116
2021-05-09 15:00:00+00:00,145,978,238,0,740,2523,0,117
2021-05-09 16:00:00+00:00,210,1194,233,0,491,1710,0,117
2021-05-09 17:00:00+00:00,264,1229,239,0,515,1525,0,114
2021-05-09 18:00:00+00:00,311,1360,238,0,536,1423,0,112
2021-05-09 19:00:00+00:00,374,1429,237,0,503,1393,0,113
2021-05-09 20:00:00+00:00,469,1398,235,0,493,1250,0,112
2021-05-09 21:00:00+00:00,424,1457,237,0,505,1052,0,109
2021-05-09 22:00:00+00:00,461,1382,238,0,537,1021,0,110
2021-05-09 23:00:00+00:00,474,1250,238,0,666,1286,0,111
2021-05-10 00:00:00+00:00,507,1090,237,0,942,1604,0,111
2021-05-10 01:00:00+00:00,652,859,235,0,1195,2402,0,112
2021-05-10 02:00:00+00:00,933,320,240,0,1408,2981,0,113
2021-05-10 03:00:00+00:00,1280,11,235,0,1536,2860,0,114
2021-05-10 04:00:00+00:00,1037,0,240,0,1530,2982,0,113
2021-05-10 05:00:00+00:00,1017,0,235,0,1450,2889,0,114
2021-05-10 06:00:00+00:00,809,0,235,0,1285,3013,0,114
2021-05-10 07:00:00+00:00,761,0,250,0,1247,3052,0,114
2021-05-10 08:00:00+00:00,583,0,249,0,1119,3110,0,113
2021-05-10 09:00:00+00:00,491,0,248,0,1014,3140,0,111
2021-05-10 10:00:00+00:00,589,0,252,0,984,3104,0,111
2021-05-10 11:00:00+00:00,508,0,250,0,1025,3093,0,113
2021-05-10 12:00:00+00:00,491,0,253,0,1092,3121,0,111
2021-05-10 13:00:00+00:00,524,14,248,0,1182,3204,0,112
2021-05-10 14:00:00+00:00,587,370,250,0,1302,3169,0,111
2021-05-10 15:00:00+00:00,660,985,251,0,1217,3016,0,113
2021-05-10 16:00:00+00:00,827,1273,250,0,978,2872,0,116
2021-05-10 17:00:00+00:00,963,1406,251,0,972,2506,0,114
2021-05-10 18:00:00+00:00,1164,1364,253,0,1024,2348,0,110
2021-05-10 19:00:00+00:00,1423,1389,251,0,1049,2348,0,113
2021-05-10 20:00:00+00:00,1630,1367,251,0,1013,2373,0,108
2021-05-10 21:00:00+00:00,1774,1267,252,0,1045,2497,0,109
2021-05-10 22:00:00+00:00,1698,1226,253,0,1040,2571,0,106
2021-05-10 23:00:00+00:00,1674,1234,251,0,985,2698,0,110
2021-05-11 00:00:00+00:00,1743,1229,248,0,1015,2728,0,114
2021-05-11 01:00:00+00:00,1651,1176,249,0,1214,3021,0,106
2021-05-11 02:00:00+00:00,1492,502,253,0,1440,3179,0,105
2021-05-11 03:00:00+00:00,1223,18,248,0,1492,3314,0,108
2021-05-11 04:00:00+00:00,1066,0,249,0,1509,3406,0,109
2021-05-11 05:00:00+00:00,999,0,247,0,1596,3322,0,109
2021-05-11 06:00:00+00:00,1020,0,250,0,1635,3011,0,104
2021-05-11 07:00:00+00:00,1023,0,233,0,1384,2716,0,106
2021-05-11 08:00:00+00:00,1018,0,233,0,1332,2587,0,108
2021-05-11 09:00:00+00:00,1061,0,232,0,1247,2592,0,106
2021-05-11 10:00:00+00:00,1025,0,235,0,1256,2601,0,107
2021-05-11 11:00:00+00:00,1118,0,234,0,1332,2599,0,106
2021-05-11 12:00:00+00:00,1075,0,235,0,1337,2634,0,104
2021-05-11 13:00:00+00:00,961,41,233,0,1353,2636,0,104
2021-05-11 14:00:00+00:00,1003,629,236,0,1448,2596,0,105
2021-05-11 15:00:00+00:00,1181,1248,232,0,1219,2258,0,106
2021-05-11 16:00:00+00:00,1342,1341,233,0,1064,2012,0,109
2021-05-11 17:00:00+00:00,1353,1406,232,0,1073,1993,0,110
2021-05-11 18:00:00+00:00,1363,1456,235,0,1061,1944,0,115
2021-05-11 19:00:00+00:00,1408,1455,233,0,1049,1895,0,114
2021-05-11 20:00:00+00:00,1385,1444,233,0,1140,2027,0,111
2021-05-11 21:00:00+00:00,1335,1466,231,0,1145,2082,0,113
2021-05-11 22:00:00+00:00,1317,1477,235,0,1143,2167,0,110
2021-05-11 23:00:00+00:00,1225,1419,234,0,1120,2399,0,111
2021-05-12 00:00:00+00:00,1134,1378,230,0,1115,2541,0,112
2021-05-12 01:00:00+00:00,988,1225,233,0,1289,2619,0,112
2021-05-12 02:00:00+00:00,933,534,233,0,1497,2641,0,111
2021-05-12 03:00:00+00:00,874,22,231,0,1517,2677,0,114
2021-05-12 04:00:00+00:00,805,0,233,0,1516,2667,0,118
2021-05-12 05:00:00+00:00,660,0,231,0,1456,2636,0,114
2021-05-12 06:00:00+00:00,623,0,228,0,1208,2620,0,116
2021-05-12 07:00:00+00:00,526,0,231,0,1090,2600,0,115
2021-05-12 08:00:00+00:00,481,0,230,0,1098,2628,0,115
2021-05-12 09:00:00+00:00,409,0,227,0,1104,2674,0,109
2021-05-12 10:00:00+00:00,299,0,229,0,1102,2797,0,112
2021-05-12 11:00:00+00:00,204,0,231,0,1105,2856,0,112
2021-05-12 12:00:00+00:00,188,0,230,0,1100,2825,0,111
2021-05-12 13:00:00+00:00,255,56,230,0,1143,2821,0,112
2021-05-12 14:00:00+00:00,261,722,229,0,1227,2799,0,114
2021-05-12 15:00:00+00:00,335,1361,228,0,1041,2611,0,114
2021-05-12 16:00:00+00:00,539,1446,226,0,1043,2266,0,112
2021-05-12 17:00:00+00:00,648,1474,227,0,1073,2303,0,111
2021-05-12 18:00:00+00:00,858,1489,226,0,1103,2229,0,107
2021-05-12 19:00:00+00:00,927,1498,228,0,1107,2216,0,105
2021-05-12 20:00:00+00:00,1028,1489,227,0,1095,2141,0,105
2021-05-12 21:00:00+00:00,1042,1493,225,0,1092,2077,0,103
2021-05-12 22:00:00+00:00,1134,1464,227,0,1090,2148,0,105
2021-05-12 23:00:00+00:00,1167,1451,225,0,1176,2304,0,103
2021-05-13 00:00:00+00:00,908,1416,224,0,1389,2639,0,105
2021-05-13 01:00:00+00:00,665,1237,226,0,1514,2898,0,105
2021-05-13 02:00:00+00:00,512,535,223,0,1819,2972,0,107
2021-05-13 03:00:00+00:00,485,21,228,0,1956,2802,0,108
2021-05-13 04:00:00+00:00,673,0,222,0,2001,2696,0,110
2021-05-13 05:00:00+00:00,785,0,224,0,1806,2759,0,110
2021-05-13 06:00:00+00:00,765,0,224,0,1432,2642,0,108
2021-05-13 07:00:00+00:00,779,0,240,0,1462,2552,0,109
2021-05-13 08:00:00+00:00,707,0,239,0,1257,2514,0,110
2021-05-13 09:00:00+00:00,699,0,239,0,1255,2514,0,113
2021-05-13 10:00:00+00:00,531,0,239,0,1257,2530,0,113
2021-05-13 11:00:00+00:00,349,0,241,0,1248,2530,0,114
2021-05-13 12:00:00+00:00,252,0,238,0,1252,2572,0,114
2021-05-13 13:00:00+00:00,216,50,242,0,1133,2516,0,111
2021-05-13 14:00:00+00:00,218,630,237,0,1489,2506,0,110
2021-05-13 15:00:00+00:00,220,1210,239,0,1328,2463,0,109
2021-05-13 16:00:00+00:00,592,1327,237,0,1396,2365,0,103
2021-05-13 17:00:00+00:00,835,1370,236,0,1356,2473,0,102
2021-05-13 18:00:00+00:00,1024,1394,231,0,1421,2410,0,100
2021-05-13 19:00:00+00:00,1166,1396,231,0,1377,2352,0,99
2021-05-13 20:00:00+00:00,1505,1326,232,0,1335,2309,0,100
2021-05-13 21:00:00+00:00,1630,1245,231,0,1450,2328,0,99
2021-05-13 22:00:00+00:00,1650,1235,230,0,1522,2464,0,100
2021-05-13 23:00:00+00:00,1633,1356,232,0,1670,2582,0,99
2021-05-14 00:00:00+00:00,1332,1154,230,0,1719,2680,0,101
2021-05-14 01:00:00+00:00,1507,986,231,0,1825,2588,0,99
2021-05-14 02:00:00+00:00,1263,395,231,0,1973,2576,0,102
2021-05-14 03:00:00+00:00,1144,14,235,0,2058,2516,0,103
2021-05-14 04:00:00+00:00,695,0,228,0,2064,2674,0,108
2021-05-14 05:00:00+00:00,530,0,230,0,2041,2679,0,109
2021-05-14 06:00:00+00:00,699,0,231,0,1664,2718,0,108
2021-05-14 07:00:00+00:00,700,0,216,0,1539,2706,0,110
2021-05-14 08:00:00+00:00,484,0,217,0,1545,2613,0,114
2021-05-14 09:00:00+00:00,364,0,215,0,1474,2596,0,112
2021-05-14 10:00:00+00:00,333,0,214,0,1231,2505,0,112
2021-05-14 11:00:00+00:00,209,0,216,0,1324,2535,0,111
2021-05-14 12:00:00+00:00,177,0,217,0,1310,2532,0,111
2021-05-14 13:00:00+00:00,245,45,217,0,1326,2538,0,109
2021-05-14 14:00:00+00:00,151,659,214,0,1276,2505,0,111
2021-05-14 15:00:00+00:00,100,1333,217,0,1280,2448,0,109
2021-05-14 16:00:00+00:00,56,1442,218,0,1338,2331,0,106
2021-05-14 17:00:00+00:00,92,1438,216,0,1611,2561,0,106
2021-05-14 18:00:00+00:00,182,1434,216,0,1617,2544,0,101
2021-05-14 19:00:00+00:00,537,1370,227,0,1541,2515,0,103
2021-05-14 20:00:00+00:00,413,1353,228,0,1667,2575,0,101
2021-05-14 21:00:00+00:00,586,1331,227,0,1607,2526,0,100
2021-05-14 22:00:00+00:00,689,1268,227,0,1615,2610,0,100
2021-05-14 23:00:00+00:00,1033,1159,230,0,1680,2588,0,100
2021-05-15 00:00:00+00:00,617,1192,227,0,1606,2659,0,99
2021-05-15 01:00:00+00:00,926,1045,227,0,1679,2692,0,102
2021-05-15 02:00:00+00:00,952,452,230,0,1815,2639,0,99
2021-05-15 03:00:00+00:00,677,22,228,0,1848,2711,0,106
2021-05-15 04:00:00+00:00,687,0,226,0,1794,2695,0,107
2021-05-15 05:00:00+00:00,751,0,228,0,1769,2670,0,108
2021-05-15 06:00:00+00:00,541,0,227,0,1576,2687,0,107
2021-05-15 07:00:00+00:00,520,0,229,0,1488,2602,0,110
2021-05-15 08:00:00+00:00,251,0,226,0,1499,2569,0,110
2021-05-15 09:00:00+00:00,211,0,228,0,1394,2638,0,112
2021-05-15 10:00:00+00:00,230,0,225,0,1356,2725,0,112
2021-05-15 11:00:00+00:00,187,0,228,0,1432,2672,0,111
2021-05-15 12:00:00+00:00,187,0,227,0,1454,2730,0,113
2021-05-15 13:00:00+00:00,240,33,225,0,1461,2732,0,113
2021-05-15 14:00:00+00:00,207,524,227,0,1355,2720,0,111
2021-05-15 15:00:00+00:00,113,1194,230,0,1200,2264,0,111
2021-05-15 16:00:00+00:00,131,1356,230,0,1286,2009,0,108
2021-05-15 17:00:00+00:00,234,1410,231,0,1261,1810,0,106
2021-05-15 18:00:00+00:00,362,1437,229,0,1506,2005,0,105
2021-05-15 19:00:00+00:00,335,1443,231,0,1336,2280,0,103
2021-05-15 20:00:00+00:00,438,1287,229,0,1313,2087,0,106
2021-05-15 21:00:00+00:00,643,1221,233,0,1346,1684,0,101
2021-05-15 22:00:00+00:00,866,1259,231,0,1316,1533,0,105
2021-05-15 23:00:00+00:00,1186,1199,237,0,1164,1482,0,106
2021-05-16 00:00:00+00:00,1328,1218,233,0,1258,1622,0,104
2021-05-16 01:00:00+00:00,1424,1061,235,0,1450,2169,0,106
2021-05-16 02:00:00+00:00,1072,502,238,0,1623,2998,0,107
2021-05-16 03:00:00+00:00,1036,18,233,0,1695,3132,0,110
2021-05-16 04:00:00+00:00,991,0,235,0,1769,3111,0,113
2021-05-16 05:00:00+00:00,1066,0,232,0,1813,3036,0,115
2021-05-16 06:00:00+00:00,1066,0,232,0,1691,2852,0,111
2021-05-16 07:00:00+00:00,550,0,251,0,1614,2988,0,114
2021-05-16 08:00:00+00:00,606,0,249,0,1452,3045,0,115
2021-05-16 09:00:00+00:00,313,0,250,0,1467,3098,0,115
2021-05-16 10:00:00+00:00,155,0,249,0,1446,3108,0,115
2021-05-16 11:00:00+00:00,168,0,249,0,1429,3108,0,113
2021-05-16 12:00:00+00:00,166,0,251,0,1442,3117,0,113
2021-05-16 13:00:00+00:00,194,44,248,0,1375,3107,0,117
2021-05-16 14:00:00+00:00,187,537,251,0,1152,2862,0,117
2021-05-16 15:00:00+00:00,178,1180,250,0,1228,2053,0,114
2021-05-16 16:00:00+00:00,132,1384,251,0,1302,1522,0,113
2021-05-16 17:00:00+00:00,144,1415,251,0,1280,1716,0,109
2021-05-16 18:00:00+00:00,194,1426,253,0,1269,1700,0,107
2021-05-16 19:00:00+00:00,228,1385,254,0,1272,1698,0,106
2021-05-16 20:00:00+00:00,287,1328,252,0,1281,1738,0,104
2021-05-16 21:00:00+00:00,440,1145,250,0,1338,1949,0,103
2021-05-16 22:00:00+00:00,755,1208,250,0,1282,2009,0,102
2021-05-16 23:00:00+00:00,1092,1231,254,0,1313,1886,0,103
2021-05-17 00:00:00+00:00,1141,1204,251,0,1316,1762,0,106
2021-05-17 01:00:00+00:00,1135,1059,251,0,1401,2036,0,104
2021-05-17 02:00:00+00:00,1039,446,251,0,1710,2849,0,111
2021-05-17 03:00:00+00:00,925,18,254,0,1806,3163,0,111
2021-05-17 04:00:00+00:00,713,0,251,0,1887,3192,0,110
2021-05-17 05:00:00+00:00,639,0,250,0,1714,3244,0,113
2021-05-17 06:00:00+00:00,739,0,250,0,1354,3178,0,111
2021-05-17 07:00:00+00:00,1074,0,237,0,1192,2800,0,115
2021-05-17 08:00:00+00:00,1120,0,235,0,1164,2649,0,114
2021-05-17 09:00:00+00:00,812,0,235,0,1322,2501,0,115
2021-05-17 10:00:00+00:00,864,0,235,0,1193,2079,0,114
2021-05-17 11:00:00+00:00,906,0,240,0,1226,2026,0,119
2021-05-17 12:00:00+00:00,873,0,235,0,1276,2309,0,116
2021-05-17 13:00:00+00:00,847,44,237,0,1319,2568,0,117
2021-05-17 14:00:00+00:00,563,603,237,0,1515,2651,0,114
2021-05-17 15:00:00+00:00,476,1085,237,0,1221,2337,0,94
2021-05-17 16:00:00+00:00,649,1328,234,0,1278,1659,0,75
2021-05-17 17:00:00+00:00,723,1387,235,0,1403,1480,0,70
2021-05-17 18:00:00+00:00,801,1419,236,0,1392,1477,0,69
2021-05-17 19:00:00+00:00,843,1245,236,0,1406,1588,0,70
2021-05-17 20:00:00+00:00,1030,1128,233,0,1387,1493,0,69
2021-05-17 21:00:00+00:00,1019,1064,234,0,1443,1321,0,66
2021-05-17 22:00:00+00:00,890,839,236,0,1547,1595,0,66
2021-05-17 23:00:00+00:00,1109,932,239,0,1406,1978,0,67
2021-05-18 00:00:00+00:00,1212,491,241,0,1437,1967,0,70
2021-05-18 01:00:00+00:00,1047,329,243,0,1429,2020,0,70
2021-05-18 02:00:00+00:00,999,243,241,0,1726,2628,0,74
2021-05-18 03:00:00+00:00,975,18,244,0,1775,2959,0,74
2021-05-18 04:00:00+00:00,973,0,243,0,1709,3135,0,75
2021-05-18 05:00:00+00:00,1028,0,240,0,1686,3098,0,75
2021-05-18 06:00:00+00:00,992,0,244,0,1379,3041,0,77
2021-05-18 07:00:00+00:00,857,0,255,0,1252,2891,0,77
2021-05-18 08:00:00+00:00,700,0,262,0,1444,2907,0,79
2021-05-18 09:00:00+00:00,602,0,260,0,1306,2970,0,77
2021-05-18 10:00:00+00:00,638,0,259,0,1171,2858,0,77
2021-05-18 11:00:00+00:00,735,0,258,0,1152,2695,0,79
2021-05-18 12:00:00+00:00,633,0,260,0,1223,2520,0,77
2021-05-18 13:00:00+00:00,560,43,262,0,1269,2852,0,78
2021-05-18 14:00:00+00:00,506,550,260,0,1408,2858,0,77
2021-05-18 15:00:00+00:00,495,1189,257,0,1192,2363,0,75
2021-05-18 16:00:00+00:00,617,1333,254,0,1030,1680,0,71
2021-05-18 17:00:00+00:00,649,1415,255,0,880,1656,0,68
2021-05-18 18:00:00+00:00,625,1406,255,0,886,1799,0,66
2021-05-18 19:00:00+00:00,558,1391,252,0,882,1785,0,65
2021-05-18 20:00:00+00:00,486,1350,252,0,948,1774,0,64
2021-05-18 21:00:00+00:00,486,1235,252,0,995,1831,0,64
2021-05-18 22:00:00+00:00,481,1246,246,0,1041,2228,0,64
2021-05-18 23:00:00+00:00,617,1230,250,0,1080,2696,0,65
2021-05-19 00:00:00+00:00,867,1327,247,0,1202,2937,0,65
2021-05-19 01:00:00+00:00,839,1196,249,0,1484,2932,0,66
2021-05-19 02:00:00+00:00,824,496,250,0,1793,3478,0,66
2021-05-19 03:00:00+00:00,835,30,250,0,1846,3494,0,69
2021-05-19 04:00:00+00:00,1038,0,256,0,1847,3506,0,69
2021-05-19 05:00:00+00:00,1065,0,256,0,1772,3358,0,73
2021-05-19 06:00:00+00:00,1010,0,257,0,1518,3363,0,72
2021-05-19 07:00:00+00:00,807,0,258,0,1326,3330,0,76
2021-05-19 08:00:00+00:00,730,0,256,0,1277,3335,0,75
2021-05-19 09:00:00+00:00,574,0,253,0,1235,3374,0,77
2021-05-19 10:00:00+00:00,460,0,255,0,1136,3386,0,76
2021-05-19 11:00:00+00:00,706,0,255,0,1092,3335,0,77
2021-05-19 12:00:00+00:00,850,0,255,0,1110,3309,0,73
2021-05-19 13:00:00+00:00,787,78,251,0,1111,3263,0,73
2021-05-19 14:00:00+00:00,771,724,245,0,1094,3341,0,71
2021-05-19 15:00:00+00:00,767,1312,248,0,873,3064,0,70
2021-05-19 16:00:00+00:00,614,1416,247,0,754,3211,0,67
2021-05-19 17:00:00+00:00,470,1447,242,0,765,3394,0,67
2021-05-19 18:00:00+00:00,293,1415,241,0,758,3286,0,64
2021-05-19 19:00:00+00:00,370,1282,245,0,754,2927,0,63
2021-05-19 20:00:00+00:00,469,1138,237,0,791,3044,0,63
2021-05-19 21:00:00+00:00,928,1194,241,0,757,3023,0,64
2021-05-19 22:00:00+00:00,1042,1008,240,0,785,3172,0,64
2021-05-19 23:00:00+00:00,796,1091,244,0,908,3388,0,63
2021-05-20 00:00:00+00:00,807,1187,242,0,1070,3278,0,67
2021-05-20 01:00:00+00:00,980,1126,245,0,1258,3509,0,66
2021-05-20 02:00:00+00:00,956,571,244,0,1507,3601,0,68
2021-05-20 03:00:00+00:00,753,38,244,0,1524,3629,0,68
2021-05-20 04:00:00+00:00,610,0,243,0,1552,3698,0,72
2021-05-20 05:00:00+00:00,805,0,246,0,1478,3603,0,71
2021-05-20 06:00:00+00:00,718,0,244,0,1297,3494,0,73
2021-05-20 07:00:00+00:00,628,0,244,0,1074,3204,0,72
2021-05-20 08:00:00+00:00,723,0,244,0,994,3101,0,74
2021-05-20 09:00:00+00:00,837,0,245,0,987,3052,0,73
2021-05-20 10:00:00+00:00,790,0,244,0,860,3057,0,71
2021-05-20 11:00:00+00:00,794,0,244,0,833,3124,0,72
2021-05-20 12:00:00+00:00,821,0,245,0,865,3166,0,73
2021-05-20 13:00:00+00:00,734,65,243,0,995,3249,0,72
2021-05-20 14:00:00+00:00,491,721,241,0,904,3207,0,71
2021-05-20 15:00:00+00:00,352,1361,241,0,817,2761,0,70
2021-05-20 16:00:00+00:00,325,1453,240,0,661,2346,0,68
2021-05-20 17:00:00+00:00,326,1468,240,0,754,2459,0,65
2021-05-20 18:00:00+00:00,476,1492,239,0,738,2291,0,63
2021-05-20 19:00:00+00:00,607,1484,241,0,780,2099,0,63
2021-05-20 20:00:00+00:00,751,1461,239,0,734,2013,0,61
2021-05-20 21:00:00+00:00,940,1462,242,0,748,1955,0,62
2021-05-20 22:00:00+00:00,1075,1441,244,0,824,2148,0,62
2021-05-20 23:00:00+00:00,1116,1392,242,0,963,2556,0,62
2021-05-21 00:00:00+00:00,1068,1304,241,0,1319,2953,0,63
2021-05-21 01:00:00+00:00,1196,1089,244,0,1481,2998,0,66
2021-05-21 02:00:00+00:00,1252,550,243,0,1661,3085,0,69
2021-05-21 03:00:00+00:00,1246,43,242,0,1689,3447,0,70
2021-05-21 04:00:00+00:00,1436,0,243,0,1685,3447,0,69
2021-05-21 05:00:00+00:00,1344,0,243,0,1723,3270,0,71
2021-05-21 06:00:00+00:00,1298,0,244,0,1526,3240,0,69
2021-05-21 07:00:00+00:00,1328,0,242,0,1305,3211,0,74
2021-05-21 08:00:00+00:00,1106,0,249,0,1094,3379,0,73
2021-05-21 09:00:00+00:00,1107,0,242,0,937,3266,0,76
2021-05-21 10:00:00+00:00,1091,0,243,0,1006,3231,0,73
2021-05-21 11:00:00+00:00,1083,0,242,0,992,3265,0,75
2021-05-21 12:00:00+00:00,1106,0,244,0,980,3294,0,75
2021-05-21 13:00:00+00:00,775,48,252,0,972,3377,0,75
2021-05-21 14:00:00+00:00,561,618,253,0,946,3405,0,75
2021-05-21 15:00:00+00:00,652,1213,252,0,635,3409,0,72
2021-05-21 16:00:00+00:00,656,1280,249,0,640,2764,0,70
2021-05-21 17:00:00+00:00,640,1159,249,0,611,2381,0,68
2021-05-21 18:00:00+00:00,1002,1216,251,0,627,2166,0,70
2021-05-21 19:00:00+00:00,1214,1195,247,0,663,2150,0,69
2021-05-21 20:00:00+00:00,1375,1285,250,0,650,1934,0,75
2021-05-21 21:00:00+00:00,1432,1292,249,0,717,1769,0,87
2021-05-21 22:00:00+00:00,1174,1333,248,0,687,2006,0,83
2021-05-21 23:00:00+00:00,965,1307,246,0,667,2266,0,84
2021-05-22 00:00:00+00:00,976,1233,249,0,762,2182,0,87
2021-05-22 01:00:00+00:00,635,1058,246,0,1053,2234,0,88
2021-05-22 02:00:00+00:00,581,488,248,0,1364,2393,0,89
2021-05-22 03:00:00+00:00,606,31,249,0,1349,2412,0,89
2021-05-22 04:00:00+00:00,594,0,247,0,1361,2557,0,93
2021-05-22 05:00:00+00:00,554,0,248,0,1407,2807,0,86
2021-05-22 06:00:00+00:00,520,0,246,0,1357,3135,0,89
2021-05-22 07:00:00+00:00,429,0,248,0,1008,3331,0,89
2021-05-22 08:00:00+00:00,271,0,245,0,803,3548,0,89
2021-05-22 09:00:00+00:00,314,0,247,0,703,3534,0,88
2021-05-22 10:00:00+00:00,392,0,247,0,658,3482,0,91
2021-05-22 11:00:00+00:00,208,0,246,0,714,3506,0,86
2021-05-22 12:00:00+00:00,143,0,244,0,736,3537,0,86
2021-05-22 13:00:00+00:00,148,68,245,0,719,3534,0,86
2021-05-22 14:00:00+00:00,121,637,246,0,700,3484,0,90
2021-05-22 15:00:00+00:00,145,1168,245,0,620,2974,0,90
2021-05-22 16:00:00+00:00,233,1308,244,0,640,2224,0,89
2021-05-22 17:00:00+00:00,360,1240,248,0,653,2131,0,90
2021-05-22 18:00:00+00:00,601,1067,243,0,651,1922,0,95
2021-05-22 19:00:00+00:00,1061,1139,246,0,613,1544,0,94
2021-05-22 20:00:00+00:00,1625,1094,243,0,671,1405,0,90
2021-05-22 21:00:00+00:00,1912,1084,247,0,675,1363,0,89
2021-05-22 22:00:00+00:00,1792,931,243,0,706,1492,0,94
2021-05-22 23:00:00+00:00,2130,785,244,0,655,1417,0,93
2021-05-23 00:00:00+00:00,2068,710,243,0,824,1412,0,95
2021-05-23 01:00:00+00:00,1997,471,245,0,1109,1626,0,93
2021-05-23 02:00:00+00:00,2064,144,242,0,1258,2325,0,93
2021-05-23 03:00:00+00:00,1660,13,245,0,1452,3074,0,93
2021-05-23 04:00:00+00:00,1296,0,243,0,1376,3232,0,94
2021-05-23 05:00:00+00:00,1511,0,245,0,1424,3204,0,94
2021-05-23 06:00:00+00:00,1707,0,240,0,1281,3116,0,93
2021-05-23 07:00:00+00:00,1628,0,244,0,901,3105,0,93
2021-05-23 08:00:00+00:00,1653,0,243,0,705,3082,0,95
2021-05-23 09:00:00+00:00,1641,0,243,0,692,3075,0,95
2021-05-23 10:00:00+00:00,1575,0,242,0,701,3164,0,96
2021-05-23 11:00:00+00:00,1225,0,244,0,683,3286,0,97
2021-05-23 12:00:00+00:00,1050,0,239,0,697,3329,0,95
2021-05-23 13:00:00+00:00,649,79,242,0,700,3488,0,90
2021-05-23 14:00:00+00:00,567,688,240,0,666,3175,0,96
2021-05-23 15:00:00+00:00,855,1168,244,0,626,2196,0,96
2021-05-23 16:00:00+00:00,1302,1121,243,0,646,1713,0,95
2021-05-23 17:00:00+00:00,1674,998,241,0,625,1337,0,96
2021-05-23 18:00:00+00:00,2139,969,245,0,693,1306,0,93
2021-05-23 19:00:00+00:00,2327,858,245,0,645,1291,0,95
2021-05-23 20:00:00+00:00,2388,1000,247,0,643,1265,0,93
2021-05-23 21:00:00+00:00,2434,1006,246,0,633,1253,0,92
2021-05-23 22:00:00+00:00,2389,945,243,0,670,1265,0,92
2021-05-23 23:00:00+00:00,2379,814,243,0,689,1308,0,92
2021-05-24 00:00:00+00:00,2348,861,246,0,863,1273,0,96
2021-05-24 01:00:00+00:00,2299,668,245,0,1067,1345,0,94
2021-05-24 02:00:00+00:00,2388,207,246,0,1291,1832,0,94
2021-05-24 03:00:00+00:00,2008,23,241,0,1419,2765,0,94
2021-05-24 04:00:00+00:00,1889,0,244,0,1455,3122,0,95
2021-05-24 05:00:00+00:00,1813,0,246,0,1267,3218,0,95
2021-05-24 06:00:00+00:00,1793,0,242,0,1174,3014,0,92
2021-05-24 07:00:00+00:00,1782,0,247,0,886,2758,0,93
2021-05-24 08:00:00+00:00,1888,0,243,0,624,2271,0,92
2021-05-24 09:00:00+00:00,1918,0,245,0,670,2105,0,92
2021-05-24 10:00:00+00:00,1940,0,244,0,666,1995,0,92
2021-05-24 11:00:00+00:00,1923,0,245,0,687,2103,0,89
2021-05-24 12:00:00+00:00,2007,0,243,0,663,2462,0,91
2021-05-24 13:00:00+00:00,2143,101,245,0,755,2810,0,91
2021-05-24 14:00:00+00:00,2026,820,246,0,661,2682,0,91
2021-05-24 15:00:00+00:00,2121,1365,245,0,678,2130,0,92
2021-05-24 16:00:00+00:00,2175,1411,244,0,633,1910,0,90
2021-05-24 17:00:00+00:00,2028,1394,245,0,673,1833,0,91
2021-05-24 18:00:00+00:00,1975,1436,246,0,651,1735,0,90
2021-05-24 19:00:00+00:00,2080,1427,244,0,611,1577,0,90
2021-05-24 20:00:00+00:00,2108,1432,250,0,718,1795,0,93
2021-05-24 21:00:00+00:00,2110,1423,247,0,718,1967,0,95
2021-05-24 22:00:00+00:00,2158,1372,250,0,647,2047,0,94
2021-05-24 23:00:00+00:00,2179,1366,249,0,712,2109,0,93
2021-05-25 00:00:00+00:00,2126,1354,254,0,957,2126,0,94
2021-05-25 01:00:00+00:00,2041,1288,249,0,1130,2617,0,89
2021-05-25 02:00:00+00:00,2035,665,251,0,1400,2779,0,92
2021-05-25 03:00:00+00:00,1923,49,247,0,1499,2878,0,92
2021-05-25 04:00:00+00:00,1829,0,252,0,1508,2785,0,93
2021-05-25 05:00:00+00:00,1772,0,245,0,1423,2788,0,93
2021-05-25 06:00:00+00:00,1657,0,249,0,1293,2931,0,94
2021-05-25 07:00:00+00:00,1475,0,248,0,1156,2941,0,93
2021-05-25 08:00:00+00:00,1437,0,249,0,971,3006,0,94
2021-05-25 09:00:00+00:00,1280,0,248,0,887,3013,0,94
2021-05-25 10:00:00+00:00,1184,0,251,0,838,3165,0,92
2021-05-25 11:00:00+00:00,1174,0,249,0,838,3136,0,93
2021-05-25 12:00:00+00:00,1084,0,250,0,1006,3293,0,89
2021-05-25 13:00:00+00:00,1195,95,247,0,1050,3328,0,95
2021-05-25 14:00:00+00:00,1165,797,250,0,946,3124,0,93
2021-05-25 15:00:00+00:00,1269,1373,249,0,696,2371,0,92
2021-05-25 16:00:00+00:00,1392,1439,249,0,692,1790,0,89
2021-05-25 17:00:00+00:00,1396,1325,251,0,716,1545,0,85
2021-05-25 18:00:00+00:00,1148,1308,248,0,745,1720,0,86
2021-05-25 19:00:00+00:00,1119,1372,250,0,770,2191,0,83
2021-05-25 20:00:00+00:00,1192,1427,252,0,811,2818,0,82
2021-05-25 21:00:00+00:00,1223,1364,247,0,816,3095,0,83
2021-05-25 22:00:00+00:00,1014,1275,252,0,798,3214,0,82
2021-05-25 23:00:00+00:00,955,1219,248,0,916,3297,0,83
2021-05-26 00:00:00+00:00,929,1134,251,0,1061,3427,0,86
2021-05-26 01:00:00+00:00,715,1015,248,0,1240,3429,0,85
2021-05-26 02:00:00+00:00,532,530,250,0,1576,3509,0,86
2021-05-26 03:00:00+00:00,518,44,248,0,1560,3556,0,86
2021-05-26 04:00:00+00:00,674,0,251,0,1540,3344,0,87
2021-05-26 05:00:00+00:00,693,0,249,0,1520,3399,0,91
2021-05-26 06:00:00+00:00,505,0,251,0,1356,3587,0,88
2021-05-26 07:00:00+00:00,417,0,248,0,947,3570,0,87
2021-05-26 08:00:00+00:00,622,0,253,0,861,3490,0,89
2021-05-26 09:00:00+00:00,692,0,251,0,849,3235,0,90
2021-05-26 10:00:00+00:00,817,0,247,0,815,3063,0,90
2021-05-26 11:00:00+00:00,787,0,249,0,828,3114,0,87
2021-05-26 12:00:00+00:00,789,0,247,0,876,3307,0,90
2021-05-26 13:00:00+00:00,788,33,247,0,993,3492,0,90
2021-05-26 14:00:00+00:00,828,304,251,0,984,3578,0,90
2021-05-26 15:00:00+00:00,797,850,247,0,730,3572,0,90
2021-05-26 16:00:00+00:00,648,1167,251,0,716,3335,0,86
2021-05-26 17:00:00+00:00,1029,1259,246,0,695,3062,0,91
2021-05-26 18:00:00+00:00,1513,1312,250,0,698,2638,0,90
2021-05-26 19:00:00+00:00,1879,1381,244,0,690,2386,0,89
2021-05-26 20:00:00+00:00,1813,1348,242,0,740,2630,0,88
2021-05-26 21:00:00+00:00,1660,1302,242,0,788,3003,0,86
2021-05-26 22:00:00+00:00,1750,1245,242,0,793,3100,0,83
2021-05-26 23:00:00+00:00,2157,1150,243,0,867,3006,0,86
2021-05-27 00:00:00+00:00,2044,859,244,0,1120,2969,0,87
2021-05-27 01:00:00+00:00,1963,772,243,0,1342,3075,0,90
2021-05-27 02:00:00+00:00,1551,566,243,0,1577,3279,0,92
2021-05-27 03:00:00+00:00,958,57,242,0,1663,3391,0,92
2021-05-27 04:00:00+00:00,849,0,241,0,1766,3257,0,92
2021-05-27 05:00:00+00:00,722,0,244,0,1775,3389,0,93
2021-05-27 06:00:00+00:00,335,0,238,0,1706,3585,0,94
2021-05-27 07:00:00+00:00,289,0,244,0,1345,3560,0,97
2021-05-27 08:00:00+00:00,307,0,241,0,990,3351,0,96
2021-05-27 09:00:00+00:00,334,0,238,0,941,3271,0,95
2021-05-27 10:00:00+00:00,271,0,244,0,928,3285,0,94
2021-05-27 11:00:00+00:00,158,0,240,0,931,3426,0,95
2021-05-27 12:00:00+00:00,134,0,244,0,997,3535,0,93
2021-05-27 13:00:00+00:00,150,91,243,0,992,3522,0,94
2021-05-27 14:00:00+00:00,155,837,242,0,954,3486,0,95
2021-05-27 15:00:00+00:00,165,1364,243,0,718,2941,0,91
2021-05-27 16:00:00+00:00,285,1423,239,0,671,2164,0,89
2021-05-27 17:00:00+00:00,442,1433,244,0,658,1798,0,89
2021-05-27 18:00:00+00:00,634,1449,243,0,690,1702,0,87
2021-05-27 19:00:00+00:00,813,1463,244,0,697,1703,0,86
2021-05-27 20:00:00+00:00,974,1466,242,0,745,2132,0,85
2021-05-27 21:00:00+00:00,1157,1431,242,0,720,2338,0,85
2021-05-27 22:00:00+00:00,1155,1376,243,0,757,2444,0,85
2021-05-27 23:00:00+00:00,1120,1380,242,0,876,2635,0,81
2021-05-28 00:00:00+00:00,1038,1343,243,0,995,2328,0,84
2021-05-28 01:00:00+00:00,1073,1233,242,0,1250,2645,0,84
2021-05-28 02:00:00+00:00,1079,663,245,0,1494,3239,0,85
2021-05-28 03:00:00+00:00,914,57,245,0,1606,3291,0,89
2021-05-28 04:00:00+00:00,850,0,242,0,1607,3298,0,91
2021-05-28 05:00:00+00:00,1075,0,245,0,1445,3275,0,93
2021-05-28 06:00:00+00:00,1028,0,242,0,1294,3193,0,91
2021-05-28 07:00:00+00:00,1040,0,244,0,958,3112,0,92
2021-05-28 08:00:00+00:00,923,0,243,0,1000,3076,0,92
2021-05-28 09:00:00+00:00,695,0,244,0,903,3059,0,93
2021-05-28 10:00:00+00:00,597,0,243,0,836,3080,0,96
2021-05-28 11:00:00+00:00,535,0,244,0,841,2987,0,97
2021-05-28 12:00:00+00:00,489,0,244,0,869,2978,0,95
2021-05-28 13:00:00+00:00,552,100,244,0,899,3164,0,96
2021-05-28 14:00:00+00:00,651,819,242,0,817,2942,0,92
2021-05-28 15:00:00+00:00,697,1357,238,0,786,2247,0,89
2021-05-28 16:00:00+00:00,721,1418,244,0,693,1797,0,86
2021-05-28 17:00:00+00:00,838,1441,240,0,732,1778,0,85
2021-05-28 18:00:00+00:00,979,1465,244,0,797,1809,0,82
2021-05-28 19:00:00+00:00,1091,1447,242,0,752,2102,0,82
2021-05-28 20:00:00+00:00,1302,1445,242,0,770,2577,0,81
2021-05-28 21:00:00+00:00,1566,1410,241,0,780,3146,0,79
2021-05-28 22:00:00+00:00,1493,1313,239,0,858,3355,0,80
2021-05-28 23:00:00+00:00,1506,1204,242,0,904,3522,0,83
2021-05-29 00:00:00+00:00,1613,1169,239,0,1063,3400,0,81
2021-05-29 01:00:00+00:00,1484,1034,239,0,1368,3473,0,83
2021-05-29 02:00:00+00:00,1587,609,246,0,1577,3430,0,84
2021-05-29 03:00:00+00:00,1400,46,241,0,1707,3374,0,86
2021-05-29 04:00:00+00:00,1245,0,241,0,1731,3201,0,87
2021-05-29 05:00:00+00:00,1246,0,244,0,1659,3150,0,89
2021-05-29 06:00:00+00:00,1480,0,242,0,1493,3076,0,88
2021-05-29 07:00:00+00:00,1609,0,242,0,1274,2966,0,90
2021-05-29 08:00:00+00:00,1710,0,242,0,1235,2921,0,93
2021-05-29 09:00:00+00:00,1483,0,247,0,1246,3044,0,92
2021-05-29 10:00:00+00:00,1356,0,242,0,1142,3020,0,92
2021-05-29 11:00:00+00:00,835,0,245,0,1240,3063,0,94
2021-05-29 12:00:00+00:00,512,0,244,0,1188,3383,0,92
2021-05-29 13:00:00+00:00,466,79,242,0,1214,3356,0,95
2021-05-29 14:00:00+00:00,391,608,241,0,1046,3005,0,94
2021-05-29 15:00:00+00:00,285,1117,242,0,804,2283,0,92
2021-05-29 16:00:00+00:00,284,1168,241,0,763,1960,0,92
2021-05-29 17:00:00+00:00,258,1305,240,0,718,2066,0,88
2021-05-29 18:00:00+00:00,308,1413,241,0,764,2059,0,87
2021-05-29 19:00:00+00:00,390,1322,240,0,746,1908,0,87
2021-05-29 20:00:00+00:00,427,1285,239,0,705,1788,0,85
2021-05-29 21:00:00+00:00,449,1233,239,0,771,1537,0,87
2021-05-29 22:00:00+00:00,421,1144,240,0,816,1589,0,85
2021-05-29 23:00:00+00:00,519,848,237,0,929,1992,0,84
2021-05-30 00:00:00+00:00,866,539,241,0,1234,2119,0,83
2021-05-30 01:00:00+00:00,1044,451,236,0,1497,2759,0,86
2021-05-30 02:00:00+00:00,963,146,239,0,1700,3286,0,85
2021-05-30 03:00:00+00:00,965,11,238,0,1758,3406,0,87
2021-05-30 04:00:00+00:00,825,0,239,0,1773,3354,0,87
2021-05-30 05:00:00+00:00,924,0,240,0,1698,3246,0,90
2021-05-30 06:00:00+00:00,1028,0,240,0,1456,3276,0,90
2021-05-30 07:00:00+00:00,972,0,239,0,1327,3349,0,90
2021-05-30 08:00:00+00:00,1073,0,239,0,1219,3269,0,93
2021-05-30 09:00:00+00:00,1207,0,238,0,1173,3129,0,92
2021-05-30 10:00:00+00:00,1136,0,243,0,1155,2978,0,91
2021-05-30 11:00:00+00:00,1031,0,239,0,1152,2993,0,94
2021-05-30 12:00:00+00:00,962,0,239,0,1157,3145,0,92
2021-05-30 13:00:00+00:00,835,78,239,0,1200,3064,0,94
2021-05-30 14:00:00+00:00,908,631,240,0,1050,2725,0,94
2021-05-30 15:00:00+00:00,818,1118,241,0,791,2015,0,92
2021-05-30 16:00:00+00:00,742,1249,239,0,654,1497,0,91
2021-05-30 17:00:00+00:00,753,1326,242,0,676,1483,0,89
2021-05-30 18:00:00+00:00,821,1331,240,0,677,1479,0,88
2021-05-30 19:00:00+00:00,847,1389,240,0,711,1508,0,87
2021-05-30 20:00:00+00:00,992,1391,242,0,791,1573,0,86
2021-05-30 21:00:00+00:00,981,1315,240,0,814,1883,0,86
2021-05-30 22:00:00+00:00,946,1233,241,0,793,2469,0,84
2021-05-30 23:00:00+00:00,938,1325,240,0,933,3079,0,84
2021-05-31 00:00:00+00:00,1092,1276,242,0,1310,3124,0,85
2021-05-31 01:00:00+00:00,1179,1193,239,0,1540,3162,0,84
2021-05-31 02:00:00+00:00,1023,673,241,0,1727,3348,0,84
2021-05-31 03:00:00+00:00,941,63,241,0,1745,3430,0,89
2021-05-31 04:00:00+00:00,1027,0,241,0,1688,3466,0,88
2021-05-31 05:00:00+00:00,878,0,240,0,1718,3478,0,91
2021-05-31 06:00:00+00:00,625,0,235,0,1643,3513,0,91
2021-05-31 07:00:00+00:00,508,0,237,0,1407,3612,0,91
2021-05-31 08:00:00+00:00,583,0,241,0,1254,3587,0,93
2021-05-31 09:00:00+00:00,437,0,240,0,1231,3590,0,94
2021-05-31 10:00:00+00:00,374,0,241,0,1153,3509,0,94
2021-05-31 11:00:00+00:00,402,0,237,0,1180,3557,0,95
2021-05-31 12:00:00+00:00,402,0,240,0,1249,3618,0,93
2021-05-31 13:00:00+00:00,387,121,240,0,1295,3642,0,96
2021-05-31 14:00:00+00:00,426,855,238,0,1089,3362,0,94
2021-05-31 15:00:00+00:00,442,1386,240,0,847,2968,0,93
2021-05-31 16:00:00+00:00,559,1450,239,0,622,2734,0,90
2021-05-31 17:00:00+00:00,512,1469,239,0,659,2819,0,87
2021-05-31 18:00:00+00:00,418,1478,240,0,713,2700,0,85
2021-05-31 19:00:00+00:00,382,1471,239,0,784,3146,0,85
2021-05-31 20:00:00+00:00,244,1414,239,0,838,3463,0,85
2021-05-31 21:00:00+00:00,177,1394,239,0,881,3623,0,81
2021-05-31 22:00:00+00:00,139,1390,240,0,977,3664,0,83
2021-05-31 23:00:00+00:00,133,1371,238,0,1212,3643,0,82
2021-06-01 00:00:00+00:00,154,1278,240,0,1481,3696,0,82
